{"1.1.1-Tricloroetà": {"cxgx": [], "excrecio": [], "UV": 0, "CL": 0, "SF": 0, "UF": 93.6, "OTHER": 0, "P": 17.4, "SC": 97.4, "SN": 97.4, "SP": 97.4}, "1.2-Dicloroetà": {"cxgx": [], "excrecio": [], "UV": 0, "CL": 0, "SF": 0, "UF": 0, "OTHER": 0, "P": 24, "SC": 70, "SN": 70, "SP": 70}, "2-etilhelix": {"cxgx": [], "excrecio": [], "UV": 0, "CL": 0, "SF": 0, "UF": 0, "OTHER": 0, "P": 63, "SC": 75, "SN": 82, "SP": 82}, "Alaclor": {"cxgx": [], "excrecio": [], "UV": 5.376283863420694, "CL": 40, "SF": 0, "UF": 0, "OTHER": 0, "P": 0, "SC": 65, "SN": 65, "SP": 65}, "Aldrin": {"cxgx": [], "excrecio": [], "UV": 0, "CL": 85.66666666666667, "SF": 0, "UF": 0, "OTHER": 0, "P": 0.535, "SC": 0.2779999999999999, "SN": 0.276, "SP": 0.276}, "Antracè": {"cxgx": [], "excrecio": [], "UV": 7.948300628203997, "CL": 0, "SF": 0, "UF": 0, "OTHER": 0, "P": 0.2674589843135121, "SC": 0.18565531476380592, "SN": 0.2003499598992387, "SP": 0.2003499598992387}, "Arsènic": {"cxgx": [8e-05, 6e-05], "excrecio": [], "UV": 96, "CL": 100, "SF": 0, "UF": 0, "OTHER": 0, "P": 88, "SC": 65.33333333333333, "SN": 65.33333333333333, "SP": 65.33333333333333}, "Atrazina": {"cxgx": [], "excrecio": [], "UV": 7.530182606177749, "CL": 10, "SF": 0, "UF": 10, "OTHER": 0, "P": 0, "SC": 53, "SN": 53, "SP": 53}, "Benzo(b)fluorantè": {"cxgx": [], "excrecio": [], "UV": 0, "CL": 0, "SF": 0, "UF": 80, "OTHER": 0, "P": 0.34478606753853086, "SC": 0.1929003791256389, "SN": 0.19196368756186805, "SP": 0.1929003791256389}, "Cadmi": {"cxgx": [7.2e-05, 2.86e-05, 0.00013, 0.0001, 2e-05, 9e-05, 0.00013, 0.000192, 8.9e-05, 1e-05], "excrecio": [75, 30, 45, 27, 61], "UV": 97, "CL": 87, "SF": 0, "UF": 55, "OTHER": 98, "P": 25.11111111111111, "SC": 42.111111111111114, "SN": 42.111111111111114, "SP": 42.111111111111114}, "Tetraclorur de carboni": {"cxgx": [], "excrecio": [], "UV": 0, "CL": 0, "SF": 0, "UF": 0, "OTHER": 0, "P": 13.125, "SC": 98.2, "SN": 98.2, "SP": 98.2}, "Clofenvinfós": {"cxgx": [], "excrecio": [], "UV": 0, "CL": 15, "SF": 0, "UF": 0, "OTHER": 0, "P": 0, "SC": 46, "SN": 46, "SP": 46}, "Clorobenzè": {"cxgx": [], "excrecio": [], "UV": 0, "CL": 0, "SF": 0, "UF": 0, "OTHER": 0, "P": 12.5, "SC": 99, "SN": 99, "SP": 99}, "Clorpirifòs": {"cxgx": [], "excrecio": [], "UV": 0.5416155615188045, "CL": 40, "SF": 0, "UF": 0, "OTHER": 0, "P": 0.4352791237692863, "SC": 82, "SN": 82, "SP": 82}, "Crom": {"cxgx": [3.24e-05, 2.9e-05, 2.5e-05], "excrecio": [30, 55, "16.5", 31, 55, 83, "69.8"], "UV": 0, "CL": 99, "SF": 0, "UF": 45, "OTHER": 0, "P": 35.8, "SC": 57.958333333333336, "SN": 98, "SP": 68.33333333333333}, "Ciprofloxacina": {"cxgx": [0.002, 0.0007, 0.003, 0.0011, 0.000471, 0.000562, 0.000331, 0.000345, 0.001104, 0.000652, 0.0029, 0.153152, 0.1032869, 0.4419152, 0.0003699, 8.35e-05, 0.0007726, 0.00019998, 0.0011, 0.0008, 0.0011, 9.836869], "excrecio": [70, 35, 50, 40, 40, 45, 55], "UV": 10.061382349987035, "CL": 77.5, "SF": 0, "UF": 0, "OTHER": 88, "P": 30, "SC": 83.66666666666667, "SN": 83.66666666666667, "SP": 83.66666666666667}, "Cloroalcans": {"cxgx": [], "excrecio": [], "UV": 0, "CL": 0, "SF": 0, "UF": 0, "OTHER": 0, "P": 10, "SC": 0, "SN": 0, "SP": 0}, "Clotrimazol": {"cxgx": [1.3199999999999999e-05, 7.305936], "excrecio": [86], "UV": 0, "CL": 0, "SF": 0, "UF": 0, "OTHER": 0, "P": 0.4802029354672152, "SC": 0.24682937563872026, "SN": 0.24063218445945017, "SP": 0.24682937563872026}, "Coure": {"cxgx": [0.0031, 0.00263, 0.0077, 0.0085, 0.0077, 0.0326, 0.02945, 0.0041, 0.0558], "excrecio": [79, "44.2", "22.5", "40.5", "61.5"], "UV": 0, "CL": 0, "SF": 0, "UF": 0, "OTHER": 0, "P": 49.166666666666664, "SC": 65.91818181818182, "SN": 65.91818181818182, "SP": 71.5}, "Diclorobenzè": {"cxgx": [], "excrecio": [], "UV": 3.463569270471356, "CL": 0, "SF": 0, "UF": 0, "OTHER": 0, "P": 0.5, "SC": 65, "SN": 65, "SP": 65}, "Diclorvós": {"cxgx": [], "excrecio": [], "UV": 0, "CL": 0, "SF": 0, "UF": 0, "OTHER": 0, "P": 0, "SC": 98, "SN": 98, "SP": 98}, "Dicofol": {"cxgx": [], "excrecio": [], "UV": 0, "CL": 85, "SF": 0, "UF": 0, "OTHER": 0, "P": 0, "SC": 0, "SN": 0, "SP": 0}, "Dieldrin": {"cxgx": [], "excrecio": [], "UV": 0, "CL": 57, "SF": 0, "UF": 0, "OTHER": 0, "P": 5, "SC": 0, "SN": 0, "SP": 0}, "Diuron": {"cxgx": [], "excrecio": [], "UV": 13.900624781539939, "CL": 100, "SF": 0, "UF": 13, "OTHER": 0, "P": 0.03328348173597721, "SC": 0.018449942011549786, "SN": 0.017570221919585446, "SP": 0.018449942011549786}, "Endosulfan": {"cxgx": [], "excrecio": [], "UV": 0, "CL": 59.5, "SF": 0, "UF": 0, "OTHER": 0, "P": 0.23111578569322602, "SC": 0.1464769366586056, "SN": 0.1534682505396782, "SP": 0.1464769366586056}, "Endrin": {"cxgx": [], "excrecio": [], "UV": 0, "CL": 52.666666666666664, "SF": 0, "UF": 0, "OTHER": 0, "P": 0, "SC": 0, "SN": 0, "SP": 0}, "Etilbenzè": {"cxgx": [], "excrecio": [], "UV": 0, "CL": 0, "SF": 0, "UF": 0, "OTHER": 0, "P": 21.675, "SC": 60.02, "SN": 60.02, "SP": 78}, "Fluconazol": {"cxgx": [], "excrecio": ["18.6", 33]}, "Fluorantè": {"cxgx": [], "excrecio": [], "UV": 7.002225767513625, "CL": 0, "SF": 0, "UF": 0, "OTHER": 100, "P": 56.666666666666664, "SC": 57, "SN": 57, "SP": 57}, "Fluorurs": {"cxgx": [], "excrecio": [], "UV": 0, "CL": 0, "SF": 0, "UF": 92.5, "OTHER": 0, "P": 0, "SC": 0, "SN": 0, "SP": 0}, "Heptaclor": {"cxgx": [], "excrecio": [], "UV": 0, "CL": 73.75, "SF": 0, "UF": 0, "OTHER": 0, "P": 53, "SC": 53, "SN": 53, "SP": 53}, "Hexabromociclodecà": {"cxgx": [9.8e-05, 9.5e-05, 7.1e-05, 9e-05], "excrecio": [60, 60], "UV": 0, "CL": 0, "SF": 85, "UF": 0, "OTHER": 0, "P": 95, "SC": 78, "SN": 78, "SP": 78}, "Hexaclorobutadiè": {"cxgx": [], "excrecio": [], "UV": 0, "CL": 74.25, "SF": 0, "UF": 69.5, "OTHER": 0, "P": 5, "SC": 0.7959999999999999, "SN": 0.7969999999999999, "SP": 80}, "Imazalil": {"cxgx": [0.000376, 1.89e-06, 1.11e-05, 8.8e-06, 2.1000000000000002e-06, 0.1737], "excrecio": [50, 60, 91], "UV": 0, "CL": 0, "SF": 0, "UF": 0, "OTHER": 0, "P": 0.31317966744800524, "SC": 0.17644359392288472, "SN": 0.17554773837774074, "SP": 0.17554773837774074}, "Isodrin": {"cxgx": [], "excrecio": [], "UV": 0, "CL": 95, "SF": 0, "UF": 0, "OTHER": 0, "P": 0.5351996753628298, "SC": 0.277797758847796, "SN": 0.2755383440850371, "SP": 0.277797758847796}, "Isoproturon": {"cxgx": [], "excrecio": [], "UV": 0.5968836534222643, "CL": 100, "SF": 0, "UF": 0, "OTHER": 0, "P": 0.01065288663756775, "SC": 65, "SN": 65, "SP": 65}, "Plom": {"cxgx": [9.8e-05, 0.00074, 0.00304, 0.0014, 3e-05, 0.00098, 0.00363], "excrecio": ["30.7", 38], "UV": 96, "CL": 0, "SF": 0, "UF": 0, "OTHER": 26.5, "P": 61.625, "SC": 55.06363636363637, "SN": 55.06363636363637, "SP": 57}, "Mercuri": {"cxgx": [0.000911, 0.01037, 0.0129, 0.0073, 0.008186], "excrecio": [], "UV": 0, "CL": 0, "SF": 0, "UF": 0, "OTHER": 0, "P": 61.24444444444445, "SC": 51.77777777777778, "SN": 51.77777777777778, "SP": 51.77777777777778}, "Metolaclor": {"cxgx": [], "excrecio": [], "UV": 12.531203608614616, "CL": 35, "SF": 0, "UF": 0, "OTHER": 0, "P": 0.29679692098809873, "SC": 0.1589956040120981, "SN": 0.15304606964566736, "SP": 0.1589956040120981}, "Miconazol": {"cxgx": [], "excrecio": ["75.8", 91], "UV": 0, "CL": 0, "SF": 0, "UF": 0, "OTHER": 0, "P": 0.5111688042286178, "SC": 0.26081052918326697, "SN": 0.2552890630726825, "SP": 0.26081052918326697}, "Naftalè": {"cxgx": [], "excrecio": [], "UV": 0, "CL": 0, "SF": 0, "UF": 0, "OTHER": 0, "P": 22, "SC": 24, "SN": 24, "SP": 63}, "Niquel": {"cxgx": [1.5e-05, 4.8e-05, 3.1100000000000004e-05], "excrecio": ["42.5", 76, "50.8"], "UV": 0, "CL": 95, "SF": 0, "UF": 16, "OTHER": 0, "P": 11, "SC": 32.775, "SN": 32.775, "SP": 36}, "Nonilfenols": {"cxgx": [], "excrecio": [], "UV": 0, "CL": 0, "SF": 0, "UF": 62.5, "OTHER": 0, "P": 43, "SC": 36.3, "SN": 36.3, "SP": 79}, "Octilfenols": {"cxgx": [], "excrecio": [], "UV": 0, "CL": 0, "SF": 0, "UF": 0, "OTHER": 0, "P": 55, "SC": 72.5, "SN": 72.5, "SP": 72.5}, "Pentaclorobenzè": {"cxgx": [], "excrecio": [], "UV": 0, "CL": 0, "SF": 0, "UF": 0, "OTHER": 0, "P": 0.26361098066685423, "SC": 0.4820029829734846,